{
  "Afwaq": -70704.0,
  "Extod": -160048.0,
  "Yjvab": -55225.0,
  "Ovfe": -487965.0,
  "Ixsins": -143663.0,
  "Ajso": 35913.339535868785,
  "Appox": 139002.4875735895,
  "Ypxyj": -40135.0,
  "Ymqud": -169756.0,
  "Ihxyndi": 92675.70262041903,
  "Ytsib": 20141.10166296467,
  "Ygku": 23548.882556798304,
  "Ognalt": 170326.6603179085,
  "Ogbigke": -656127.0,
  "Uxsi": -185216.0,
  "Igciln": -166199.0,
  "Ugryjp": 144539.55485050904,
  "Yvxuwve": -12224.0,
  "Aqmexbo": 126327.708867253,
  "Ekbowve": 303458.1386848771
}